store_name	review_text
ニュータンタンメン店1	辛くてニンニクが効いている。麺も太くて食べ応えあり。
ニュータンタンメン店1	スープが濃厚でコクがある。少し辛め。
ニュータンタンメン店1	めちゃくちゃ辛い！汗だくになるがクセになる。
ニュータンタンメン店1	あっさりして食べやすい。女性にもおすすめ。
ニュータンタンメン店1	量が多くてお腹いっぱいになる。辛さは普通。
ニュータンタンメン店1	辛さ控えめで優しい味。ニンニクは少なめ。
ニュータンタンメン店1	濃厚で旨味が強い。辛さは普通。
ニュータンタンメン店1	辛さと旨味のバランスが良い。
ニュータンタンメン店1	ニンニクが効いていてスタミナ系。
ニュータンタンメン店1	スープがあっさりで飲みやすい。
ニュータンタンメン店1	辛くてクセになる味。ボリュームもある。
ニュータンタンメン店1	旨味が濃厚で辛さは中くらい。
ニュータンタンメン店1	あっさりめで女性向け。
ニュータンタンメン店1	辛さ強めで汗が止まらない。
ニュータンタンメン店1	麺がもちもちで美味しい。
ニュータンタンメン店1	ニンニクが少なめで食べやすい。
ニュータンタンメン店1	スープが濃厚でコクがある。
ニュータンタンメン店1	辛さ控えめ、まろやかな味。
ニュータンタンメン店1	量が多くて満足感がある。
ニュータンタンメン店1	辛味と旨味がバランス良く効いている。
ニュータンタンメン店1	汗だくになるがクセになる辛さ。
ニュータンタンメン店1	あっさりで飲みやすいスープ。
ニュータンタンメン店1	スタミナ系で元気が出る。
ニュータンタンメン店1	コクがあって美味しい。
ニュータンタンメン店1	辛さは普通、ボリューム多め。
ニュータンタンメン店1	ニンニク強めで旨味が濃い。
ニュータンタンメン店1	あっさりで女性に人気。
ニュータンタンメン店1	濃厚スープで辛め。
ニュータンタンメン店1	麺がもちもちで食べ応え十分。
ニュータンタンメン店2	少し辛めだが食べやすい。
ニュータンタンメン店2	辛くてニンニクが効いている。麺も太くて食べ応えあり。
ニュータンタンメン店2	スープが濃厚でコクがある。少し辛め。
ニュータンタンメン店2	めちゃくちゃ辛い！汗だくになるがクセになる。
ニュータンタンメン店2	あっさりして食べやすい。女性にもおすすめ。
ニュータンタンメン店2	量が多くてお腹いっぱいになる。辛さは普通。
ニュータンタンメン店2	辛さ控えめで優しい味。ニンニクは少なめ。
ニュータンタンメン店2	濃厚で旨味が強い。辛さは普通。
ニュータンタンメン店2	辛さと旨味のバランスが良い。
ニュータンタンメン店2	ニンニクが効いていてスタミナ系。
ニュータンタンメン店2	スープがあっさりで飲みやすい。
ニュータンタンメン店2	辛くてクセになる味。ボリュームもある。
ニュータンタンメン店2	旨味が濃厚で辛さは中くらい。
ニュータンタンメン店2	あっさりめで女性向け。
ニュータンタンメン店2	辛さ強めで汗が止まらない。
ニュータンタンメン店2	麺がもちもちで美味しい。
ニュータンタンメン店2	ニンニクが少なめで食べやすい。
ニュータンタンメン店2	スープが濃厚でコクがある。
ニュータンタンメン店2	辛さ控えめ、まろやかな味。
ニュータンタンメン店2	量が多くて満足感がある。
ニュータンタンメン店2	辛味と旨味がバランス良く効いている。
ニュータンタンメン店2	汗だくになるがクセになる辛さ。
ニュータンタンメン店2	あっさりで飲みやすいスープ。
ニュータンタンメン店2	スタミナ系で元気が出る。
ニュータンタンメン店2	コクがあって美味しい。
ニュータンタンメン店2	辛さは普通、ボリューム多め。
ニュータンタンメン店2	ニンニク強めで旨味が濃い。
ニュータンタンメン店2	あっさりで女性に人気。
ニュータンタンメン店2	濃厚スープで辛め。
ニュータンタンメン店2	麺がもちもちで食べ応え十分。
ニュータンタンメン店2	少し辛めだが食べやすい。
